model,Morgan fingerprint,RDKit descriptor
Random Forest,0.881551299898769,0.11844870010123101
XGBoost,0.9970320197019691,0.0029679802980308594
